Metric,Value,LB,UB
CIndex,0.9748165786114347,0.9553476959769028,0.9882919950333762
