Metric,Value,LB,UB
CIndex,0.8788816717483258,0.819720081516695,0.9241403820521182
